<?xml version="1.0" encoding="UTF-8"?>
<feature
      id="org.eclipse.mat.ui.rcp.feature"
      label="%featureName"
      version="1.8.0.201806041349"
      provider-name="%providerName"
      plugin="org.eclipse.mat.ui.rcp">

   <description>
      %description
   </description>

   <copyright>
      %copyright
   </copyright>

   <license url="%licenseURL">
      %license
   </license>

   <url>
      <update label="%updateSiteName" url="http://download.eclipse.org/mat/1.7/update-site/"/>
   </url>

   <requires>
      <import plugin="org.eclipse.platform" version="0.0.0" match="greaterOrEqual"/>
      <import plugin="org.eclipse.ui.intro" version="3.2.100" match="greaterOrEqual"/>
      <import plugin="org.eclipse.core.runtime" version="3.3.100" match="greaterOrEqual"/>
      <import plugin="org.eclipse.ui" version="3.3.0" match="greaterOrEqual"/>
      <import plugin="org.eclipse.ui.views.log" version="1.0.0" match="greaterOrEqual"/>
      <import plugin="org.eclipse.ui.net" version="0.0.0" match="greaterOrEqual"/>
      <import plugin="org.eclipse.core.resources" version="3.3.0" match="greaterOrEqual"/>
      <import plugin="org.eclipse.core.filesystem" version="1.1.0" match="greaterOrEqual"/>
      <import plugin="org.eclipse.ui.ide" version="3.3.0" match="greaterOrEqual"/>
      <import plugin="org.eclipse.ui.cheatsheets" version="3.3.0" match="greaterOrEqual"/>
      <import plugin="org.eclipse.ui.forms" version="3.3.0" match="greaterOrEqual"/>
      <import plugin="org.eclipse.help.base" version="3.3.0" match="greaterOrEqual"/>
      <import plugin="org.eclipse.birt.chart.engine" version="2.3.0" match="greaterOrEqual"/>
      <import plugin="org.eclipse.birt.chart.device.extension" version="2.3.0" match="greaterOrEqual"/>
      <import plugin="org.eclipse.birt.chart.device.swt" version="2.3.0" match="greaterOrEqual"/>
      <import plugin="org.eclipse.birt.chart.engine.extension" version="2.3.0" match="greaterOrEqual"/>
      <import plugin="org.eclipse.birt.core" version="2.3.0" match="greaterOrEqual"/>
   </requires>

   <plugin
         id="org.eclipse.mat.ui.rcp"
         download-size="92"
         install-size="155"
         version="1.8.0.201806041349"
         unpack="false"/>
         
   <plugin
         id="org.eclipse.mat.report"
         download-size="338"
         install-size="652"
         version="1.8.0.201806041349"
         unpack="false"/>

   <plugin
         id="org.eclipse.mat.api"
         download-size="807"
         install-size="1677"
         version="1.8.0.201806041349"
         unpack="false"/>

   <plugin
         id="org.eclipse.mat.hprof"
         download-size="84"
         install-size="165"
         version="1.8.0.201806041349"
         unpack="false"/>

   <plugin
         id="org.eclipse.mat.parser"
         download-size="361"
         install-size="749"
         version="1.8.0.201806041349"
         unpack="false"/>

   <plugin
         id="org.eclipse.mat.ui"
         download-size="867"
         install-size="1793"
         version="1.8.0.201806041349"
         unpack="false"/>

   <plugin
         id="org.eclipse.mat.ui.help"
         download-size="7786"
         install-size="34506"
         version="1.8.0.201806041349"
         unpack="false"/>

   <plugin
         id="org.eclipse.mat.dtfj"
         download-size="125"
         install-size="273"
         version="1.8.0.201806041349"
         unpack="false"/>

   <plugin
         id="org.eclipse.mat.ibmdumps"
         download-size="63"
         install-size="118"
         version="1.8.0.201806041349"
         unpack="false"/>

   <plugin
         id="org.eclipse.mat.jruby.resolver"
         download-size="22"
         install-size="39"
         version="1.8.0.201806041349"
         unpack="false"/>
         
   <plugin
         id="org.eclipse.mat.chart"
         download-size="26"
         install-size="46"
         version="1.8.0.201806041349"
         unpack="false"/>

   <plugin
         id="org.eclipse.mat.chart.ui"
         download-size="28"
         install-size="49"
         version="1.8.0.201806041349"
         unpack="false"/>

</feature>
